"1","1","102","Tasty","Tasty Potato Loose","Grocery-TS-01","3","https://plancklyapi.co.uk/newgrocery/public/item-images/patata-loose.png",NULL,NULL,NULL,NULL,NULL,"2018-12-12 08:26:19","2018-12-12 08:26:19"
"2","1","102","Tasty","Tasty Potato Large Pack","00001113","15","https://plancklyapi.co.uk/newgrocery/public/item-images/potatoes-bags.png",NULL,NULL,NULL,NULL,NULL,"2018-12-12 08:32:34","2018-12-12 08:32:34"
"3","1","102","Tasty","Tasty Potato Large Pack","Grocery-TS-02","15","https://plancklyapi.co.uk/newgrocery/public/item-images/potatoes-bags.png",NULL,NULL,NULL,NULL,NULL,"2018-12-12 08:33:05","2018-12-12 08:33:05"
"4","1","98","Tasty","Tasty Premium Blueberry","Grocery-TS-03","8","https://plancklyapi.co.uk/newgrocery/public/item-images/potatoes-bags.png",NULL,NULL,NULL,NULL,NULL,"2018-12-12 08:33:54","2018-12-12 08:33:54"
"5","1","69","Tasty","Tasty Pineapple Juice","Grocery-TS-07","6","https://plancklyapi.co.uk/newgrocery/public/item-images/potatoes-bags.png","kg","1.00","Pineapple juice","10","product","2018-12-12 08:39:50","2018-12-12 08:39:50"
"6","1","103",NULL,"Chips","Grocery-TS-09","2","https://plancklyapi.co.uk/newgrocery/public/item-images/Fries.png","kg","1.00","Pineapple juice","10","product","2018-12-12 08:41:18","2018-12-12 08:41:18"
"7","1","103","Tasty","Tasty White Bread","00004442","4.49","https://plancklyapi.co.uk/newgrocery/public/item-images/Bread-PNG-Clipart.png","kg","1.00","Pineapple juice","10","product","2018-12-12 08:42:24","2018-12-12 08:42:24"
"8","1","103","Tasty","Tasty White Bread","Grocery-TS-06","4.49","https://plancklyapi.co.uk/newgrocery/public/item-images/Bread-PNG-Clipart.png","kg","1.00","Pineapple juice","10","product","2018-12-12 08:42:42","2018-12-12 08:42:42"
"9","1","79","Tasty","Tasty Almond Icecream","Grocery-TS-08","13","https://plancklyapi.co.uk/newgrocery/public/item-images/ice-tub.png","kg","1.00","Almond","10","product","2018-12-12 08:44:31","2018-12-12 08:44:31"
"10","1","79","Tasty","Tasty Almond Icecream","00003339","13","https://plancklyapi.co.uk/newgrocery/public/item-images/ice-tub.png","kg","1.00","Almond","10","product","2018-12-12 08:45:26","2018-12-12 08:45:26"
"11","1","72","Tasty","Tasty Quality Dates","Grocery-TS-04","8","https://plancklyapi.co.uk/newgrocery/public/item-images/Dates.png","kg","1.00","Dates","10","product","2018-12-12 08:46:45","2018-12-12 08:46:45"
"12","1","73",NULL,"Egg","Grocery-TS-12","5","https://plancklyapi.co.uk/newgrocery/public/item-images/eggs.png","per unit","1.00","Eggs","10","product","2018-12-12 08:54:35","2018-12-12 08:54:35"
"13","1","87",NULL,"Bedsheet","HnF-TS-04","18","https://plancklyapi.co.uk/newgrocery/public/item-images/bedsheet.png","per unit","1.00","Bed sheet","10","product","2018-12-12 08:55:46","2018-12-12 08:55:46"
"14","1","87",NULL,"Bedsheet","00005555","18","https://plancklyapi.co.uk/newgrocery/public/item-images/bedsheet.png","per unit","1.00","Bed sheet","10","product","2018-12-12 08:55:55","2018-12-12 08:55:55"
"15","1","88",NULL,"LED Bulbs","HnF-TS-07","5","https://plancklyapi.co.uk/newgrocery/public/item-images/Bulbs.png","per unit","1.00","Bulbs","10","product","2018-12-12 08:57:18","2018-12-12 08:57:18"
"16","1","81",NULL,"Acne Cream","FnP-TS-12","5","https://plancklyapi.co.uk/newgrocery/public/item-images/Acne-Cream.png","per unit","1.00","Acne Cream","10","product","2018-12-12 09:04:48","2018-12-12 09:04:48"
"17","1","81","Tasty","Tasty Banana Loose","Grocery-TS-05","10","https://plancklyapi.co.uk/newgrocery/public/item-images/Banana.png","per unit","1.00","Acne Cream","10","product","2018-12-12 09:06:48","2018-12-12 09:06:48"
"18","1","81",NULL,"Facecream","Grocery-TS-11","20.5","https://plancklyapi.co.uk/newgrocery/public/item-images/Face-Cream.png","per unit","1.00","Acne Cream","10","product","2018-12-12 09:07:56","2018-12-12 09:07:56"
"19","1","82",NULL,"Shaving Gel","Grocery-TS-10","15","https://plancklyapi.co.uk/newgrocery/public/item-images/Shaving Gel.png","per unit","1.00","Shaving Gel","10","product","2018-12-12 09:09:13","2018-12-12 09:09:13"
"20","1","89",NULL,"Soft Cushions","HnF-TS-12","5","https://plancklyapi.co.uk/newgrocery/public/item-images/cushions.png","per unit","1.00","Soft Cushions","10","product","2018-12-12 09:11:15","2018-12-12 09:11:15"
"21","1","71",NULL,"Petrol","VnT-TS-12","6","https://plancklyapi.co.uk/newgrocery/public/item-images/Petrol-Stations.png","per unit","1.00","Petrol","10","product","2018-12-12 09:12:55","2018-12-12 09:12:55"
"22","1","104",NULL,"Chicken Burger with Fries","FnP-TS-02","8","https://plancklyapi.co.uk/newgrocery/public/item-images/chicken-burger-fires.png","per unit","1.00","Chicken","10","product","2018-12-12 09:14:45","2018-12-12 09:14:45"
"23","1","104",NULL,"Chicken Burger Large","FnP-TS-01","5","https://plancklyapi.co.uk/newgrocery/public/item-images/Chicken-Burger-Large.png","per unit","1.00","Chicken","10","product","2018-12-12 09:15:33","2018-12-12 09:15:33"
"24","1","105",NULL,"Beef Burger","FnP-TS-03","8","https://plancklyapi.co.uk/newgrocery/public/item-images/beef-burger.png","per unit","1.00","Chicken","10","product","2018-12-12 09:20:21","2018-12-12 09:20:21"
"25","1","106",NULL,"Chicken Wings","FnP-TS-04","5","https://plancklyapi.co.uk/newgrocery/public/item-images/chicken-wings.png","per unit","1.00","Chicken","10","product","2018-12-12 09:21:09","2018-12-12 09:21:09"
"26","1","107",NULL,"Cheese Burger","FnP-TS-05","7","https://plancklyapi.co.uk/newgrocery/public/item-images/cheese-burger.png","per unit","1.00","Chicken","10","product","2018-12-12 09:22:53","2018-12-12 09:22:53"
"27","1","80",NULL,"Fries","FnP-TS-06","3","https://plancklyapi.co.uk/newgrocery/public/item-images/default.png","per unit","1.00","Fries","10","product","2018-12-12 09:23:55","2018-12-12 09:23:55"
"28","1","101",NULL,"Battered Fish","FnP-TS-07","12","https://plancklyapi.co.uk/newgrocery/public/item-images/battered-fish.png","per unit","1.00","Fish","10","product","2018-12-12 09:25:17","2018-12-12 09:25:17"
"29","1","83",NULL,"Protien Shake","FnP-TS-13","28","https://plancklyapi.co.uk/newgrocery/public/item-images/protiens.png","per unit","1.00","Protien Shake","10","product","2018-12-12 09:26:44","2018-12-12 09:26:44"
"30","1","108",NULL,"Pizza Margheritta","FnP-TS-08","18","https://plancklyapi.co.uk/newgrocery/public/item-images/Pizza-Magrehita.png","per unit","1.00","Pizza Margheritta","10","product","2018-12-12 09:27:48","2018-12-12 09:27:48"
"31","1","108",NULL,"Pizza Cheese","FnP-TS-09","13","https://plancklyapi.co.uk/newgrocery/public/item-images/Pizza-Cheese.png","per unit","1.00","Pizza","10","product","2018-12-12 09:33:46","2018-12-12 09:33:46"
"32","1","84",NULL,"Shower Gel","FnP-TS-11","5","https://plancklyapi.co.uk/newgrocery/public/item-images/Pizza-Cheese.png","per unit","1.00","Shower Gel","10","product","2018-12-12 09:52:23","2018-12-12 09:52:23"
"33","1","85",NULL,"Cold Medicine","FnP-TS-10","5","https://plancklyapi.co.uk/newgrocery/public/item-images/Cold%20Medicine.png","per unit","1.00","Cold Medicine","10","product","2018-12-12 09:53:22","2018-12-12 09:53:22"
"34","1","90",NULL,"Cups","HnF-TS-11","15","https://plancklyapi.co.uk/newgrocery/public/item-images/cups.png","per unit","1.00","Cups","10","product","2018-12-12 09:54:10","2018-12-12 09:54:10"
"35","1","91",NULL,"Jugs","HnF-TS-13","1","https://plancklyapi.co.uk/newgrocery/public/item-images/jugs.png","per unit","1.00","Jugs","10","product","2018-12-12 09:55:23","2018-12-12 09:55:23"
"36","1","70",NULL,"Chocolates","Grocery-TS-13","1","https://plancklyapi.co.uk/newgrocery/public/item-images/chocolates.png","per unit","1.00","Chocolates","10","product","2018-12-12 09:56:34","2018-12-12 09:56:34"
"37","1","92",NULL,"Flat Pack Chair","HnF-TS-01","25","https://plancklyapi.co.uk/newgrocery/public/item-images/chair.png","per unit","1.00","Flat Pack Chair","10","product","2018-12-12 09:59:48","2018-12-12 09:59:48"
"38","1","93",NULL,"Door Handles","HnF-TS-09","28","https://plancklyapi.co.uk/newgrocery/public/item-images/Door-Handles.png","per unit","1.00","Door Handles","10","product","2018-12-12 10:01:05","2018-12-12 10:01:05"
"39","1","95",NULL,"Drill","HnF-TS-09","30","https://plancklyapi.co.uk/newgrocery/public/item-images/drill.png","per unit","1.00","Drill","10","product","2018-12-12 10:02:18","2018-12-12 10:02:18"
"40","1","68",NULL,"Shower Heads","HnF-TS-10","30","https://plancklyapi.co.uk/newgrocery/public/item-images/Shower%20Head.png","per unit","1.00","Shower Heads","10","product","2018-12-12 10:03:32","2018-12-12 10:03:32"
"41","1","96",NULL,"Paints","HnF-TS-08","14","https://plancklyapi.co.uk/newgrocery/public/item-images/paint.png","per unit","1.00","Paints","10","product","2018-12-12 10:04:50","2018-12-12 10:04:50"
"42","1","94",NULL,"Hooks","HnF-TS-05","10","https://plancklyapi.co.uk/newgrocery/public/item-images/hooks.png","per unit","1.00","Hooks","10","product","2018-12-12 10:06:02","2018-12-12 10:06:02"
"43","1","74",NULL,"Rock Festival","VnT-TS-01","15","https://plancklyapi.co.uk/newgrocery/public/item-images/rock-festival.png","per unit","1.00","Hooks","10","product","2018-12-12 10:06:58","2018-12-12 10:06:58"
"44","1","74",NULL,"Celeberation","VnT-TS-05",NULL,"https://plancklyapi.co.uk/newgrocery/public/item-images/Celebration.png","per unit","1.00","Celeberation","10","product","2018-12-12 10:07:45","2018-12-12 10:07:45"
"45","1","74",NULL,"Festival","VnT-TS-10","10","https://plancklyapi.co.uk/newgrocery/public/item-images/Festival.png","per unit","1.00","Festival","10","product","2018-12-12 10:08:12","2018-12-12 10:08:12"
"46","1","97",NULL,"Amusement Park","VnT-TS-09","4","https://plancklyapi.co.uk/newgrocery/public/item-images/amusement-park.png","per unit","1.00","Amusement Park","10","product","2018-12-12 10:08:57","2018-12-12 10:08:57"
"47","1","75",NULL,"Memorial Event","VnT-TS-03","20","https://plancklyapi.co.uk/newgrocery/public/item-images/Memorial-Event.png","per unit","1.00","Memorial Event","10","product","2018-12-12 10:09:58","2018-12-12 10:09:58"
"48","1","86",NULL,"History Museum","VnT-TS-04","15","https://plancklyapi.co.uk/newgrocery/public/item-images/Muesum.png","per unit","1.00","History Museum","10","product","2018-12-12 10:10:58","2018-12-12 10:10:58"
"49","1","76",NULL,"Poetry Evening","VnT-TS-02","12","https://plancklyapi.co.uk/newgrocery/public/item-images/Poetry-Event.png","per unit","1.00","Poetry Evening","10","product","2018-12-12 10:12:06","2018-12-12 10:12:06"
"50","1","109",NULL,"Train Tickets","VnT-TS-07","30","https://plancklyapi.co.uk/newgrocery/public/item-images/train-tickets.png","per unit","1.00","Train Tickets","10","product","2018-12-12 10:13:06","2018-12-12 10:13:06"
"51","1","109",NULL,"Movie Tickets","VnT-TS-06","12","https://plancklyapi.co.uk/newgrocery/public/item-images/cinema-tickets.png","per unit","1.00","Movie Tickets","10","product","2018-12-12 10:14:11","2018-12-12 10:14:11"
"52","1","109",NULL,"Bus Tickets","VnT-TS-08","10","https://plancklyapi.co.uk/newgrocery/public/item-images/default.png","per unit","1.00","Bus Tickets","10","product","2018-12-12 10:14:59","2018-12-12 10:14:59"
"53","1","77",NULL,"Charity","VnT-TS-11","5","https://plancklyapi.co.uk/newgrocery/public/item-images/charity.png","per unit","1.00","Charity","10","product","2018-12-12 10:16:00","2018-12-12 10:16:00"
"54","1","100",NULL,"Catalogue Sale","VnT-TS-13","20","https://plancklyapi.co.uk/newgrocery/public/item-images/default.png","per unit","1.00","Catalogue Sale","10","product","2018-12-12 10:16:59","2018-12-12 10:16:59"
"55","1","78",NULL,"Flowers","HnF-TS-02","22","https://plancklyapi.co.uk/newgrocery/public/item-images/Flowers.png","per unit","1.00","Flowers","10","product","2018-12-12 10:18:53","2018-12-12 10:18:53"
"56","1","99",NULL,"Paintings","HnF-TS-03","28","https://plancklyapi.co.uk/newgrocery/public/item-images/paintings.png","per unit","1.00","Paintings","10","product","2018-12-12 10:21:04","2018-12-12 10:21:04"
"57","2","110","Nachos","Supreme Nachos","978020137965","8","blackened_shrimp_nachos.jpg",NULL,NULL,NULL,NULL,NULL,"2018-12-12 08:26:19","2018-12-12 08:26:19"
"58","2","110","Potato","Potato Skins","978020137968","7.5","Potatoskins.jpg",NULL,NULL,NULL,NULL,NULL,"2018-12-12 08:26:19","2018-12-12 08:26:19"
"59","2","110","Onion","Onion Rings","978020137933","6.5","onionrings.jpg",NULL,NULL,NULL,NULL,NULL,"2018-12-12 08:26:19","2018-12-12 08:26:19"
"60","2","111","Beef","Beef Chilli","978020137983","4.95","BeefChilli.jpg",NULL,NULL,NULL,NULL,NULL,"2018-12-12 08:26:19","2018-12-12 08:26:19"
"61","2","111","Chicken","Chicken Noodle","978020137921","4.95","chickennoodle.jpg",NULL,NULL,NULL,NULL,NULL,"2018-12-12 08:26:19","2018-12-12 08:26:19"
"62","2","112","Angus","Angus Beef Burger","978020137974","9.5","angusbeef.jpg",NULL,NULL,NULL,NULL,NULL,"2018-12-12 08:26:19","2018-12-12 08:26:19"
"63","2","112","Mushroom","Mushroom Swiss Burger","978020137922","10.25","mushroomswiss.jpg",NULL,NULL,NULL,NULL,NULL,"2018-12-12 08:26:19","2018-12-12 08:26:19"
"64","2","113","Fajita","Fajita Wrap","978020137977","8.95","fajitawrap.jpg",NULL,NULL,NULL,NULL,NULL,"2018-12-12 08:26:19","2018-12-12 08:26:19"
"65","2","114","Deal","Deal - 1","978020137914","14.5","deal-1.jpg",NULL,NULL,"Angus Beef Burger, Fajita Wrap",NULL,"deal","2018-12-12 08:26:19","2018-12-12 08:26:19"
"66","3","115","Petrol","Petrol Per Euro","978020137945","1","patrol.jpg",NULL,NULL,"Fill Patrol with custom amount ",NULL,NULL,"2018-12-12 08:26:19","2018-12-12 08:26:19"
"67","3","115","Petrol","Petrol Per Unit","978020137945","5","patrol.jpg",NULL,NULL,"Petrol Per liter",NULL,NULL,"2018-12-12 08:26:19","2018-12-12 08:26:19"
"68","4","116","Chairty","£1","Friend-Trust-£1","1","default.png",NULL,NULL,"£1 Charity",NULL,NULL,"2018-12-12 08:26:19","2018-12-12 08:26:19"
"69","4","116","Chairty","£2","Friend-Trust-£2","2","default.png",NULL,NULL,"£2 Charity",NULL,NULL,"2018-12-12 08:26:19","2018-12-12 08:26:19"
"70","4","116","Chairty","£5","Friend-Trust-£5","5","default.png",NULL,NULL,"£5 Charity",NULL,NULL,"2018-12-12 08:26:19","2018-12-12 08:26:19"
"71","4","116","Chairty","£10","Friend-Trust-£10","10","default.png",NULL,NULL,"£10 Charity",NULL,NULL,"2018-12-12 08:26:19","2018-12-12 08:26:19"
"72","4","116","Chairty","£20","Friend-Trust-£20","20","default.png",NULL,NULL,"£20 Charity",NULL,NULL,"2018-12-12 08:26:19","2018-12-12 08:26:19"
"73","4","116","Chairty","£50","Friend-Trust-£50","50","default.png",NULL,NULL,"£50 Charity",NULL,NULL,"2018-12-12 08:26:19","2018-12-12 08:26:19"
"74","5","117","Charity","Charity GBP 50","Halls4Jummah-£50","50","default.png",NULL,NULL,"£50 Charity",NULL,NULL,"2018-12-12 08:26:19","2018-12-12 08:26:19"
"75","5","117","Charity","Charity GBP 20","Halls4Jummah-£20","20","default.png",NULL,NULL,"£20 Charity",NULL,NULL,"2018-12-12 08:26:19","2018-12-12 08:26:19"
"76","5","117","Charity","Charity GBP 10","Halls4Jummah-£10","10","default.png",NULL,NULL,"£10 Charity",NULL,NULL,"2018-12-12 08:26:19","2018-12-12 08:26:19"
"77","5","117","Charity","Charity GBP 5","Halls4Jummah-£5","5","default.png",NULL,NULL,"£5 Charity",NULL,NULL,"2018-12-12 08:26:19","2018-12-12 08:26:19"
"78","5","117","Charity","Charity GBP 2","Halls4Jummah-£2","2","default.png",NULL,NULL,"£2 Charity",NULL,NULL,"2018-12-12 08:26:19","2018-12-12 08:26:19"
"79","5","117","Charity","Charity GBP 1","Halls4Jummah-£1","1","default.png",NULL,NULL,"£1 Charity",NULL,NULL,"2018-12-12 08:26:19","2018-12-12 08:26:19"
"80","5","118","Zakat","Zakat GBP 1","Halls4Jummah-zakat-£1","1","default.png",NULL,NULL,"£1 Zakat",NULL,NULL,"2018-12-12 08:26:19","2018-12-12 08:26:19"
"81","5","118","Zakat","Zakat GBP 2","Halls4Jummah-zakat-£2","2","default.png",NULL,NULL,"£2 Zakat",NULL,NULL,"2018-12-12 08:26:19","2018-12-12 08:26:19"
"82","5","118","Zakat","Zakat GBP 5","Halls4Jummah-zakat-£5","5","default.png",NULL,NULL,"£5 Zakat",NULL,NULL,"2018-12-12 08:26:19","2018-12-12 08:26:19"
"83","5","118","Zakat","Zakat GBP 10","Halls4Jummah-zakat-£10","10","default.png",NULL,NULL,"£10 Zakat",NULL,NULL,"2018-12-12 08:26:19","2018-12-12 08:26:19"
"84","5","118","Zakat","Zakat GBP 20","Halls4Jummah-zakat-£20","20","default.png",NULL,NULL,"£20 Zakat",NULL,NULL,"2018-12-12 08:26:19","2018-12-12 08:26:19"
"85","5","118","Zakat","Zakat GBP 50","Halls4Jummah-zakat-£50","50","default.png",NULL,NULL,"£50 Zakat",NULL,NULL,"2018-12-12 08:26:19","2018-12-12 08:26:19"
"86","5","119","Betty Brunker Hall","Betty Brunker Hall GBP 50","Halls4Jummah-betty-£50","50","default.png",NULL,NULL,"£50 Betty Brunker Hall",NULL,NULL,"2018-12-12 08:26:19","2018-12-12 08:26:19"
"87","5","119","Betty Brunker Hall","Betty Brunker Hall GBP 20","Halls4Jummah-betty-£20","20","default.png",NULL,NULL,"£20 Betty Brunker Hall",NULL,NULL,"2018-12-12 08:26:19","2018-12-12 08:26:19"
"88","5","119","Betty Brunker Hall","Betty Brunker Hall GBP 10","Halls4Jummah-betty-£10","10","default.png",NULL,NULL,"£10 Betty Brunker Hall",NULL,NULL,"2018-12-12 08:26:19","2018-12-12 08:26:19"
"89","5","119","Betty Brunker Hall","Betty Brunker Hall GBP 5","Halls4Jummah-betty-£5","5","default.png",NULL,NULL,"£5 Betty Brunker Hall",NULL,NULL,"2018-12-12 08:26:19","2018-12-12 08:26:19"
"90","5","119","Betty Brunker Hall","Betty Brunker Hall GBP 2","Halls4Jummah-betty-£2","2","default.png",NULL,NULL,"£2 Betty Brunker Hall",NULL,NULL,"2018-12-12 08:26:19","2018-12-12 08:26:19"
"91","5","119","Betty Brunker Hall","Betty Brunker Hall GBP 1","Halls4Jummah-betty-£1","1","default.png",NULL,NULL,"£1 Betty Brunker Hall",NULL,NULL,"2018-12-12 08:26:19","2018-12-12 08:26:19"
"92","5","120","Badminton Hall","Badminton Hall GBP 1","Halls4Jummah-badminton-£1","1","default.png",NULL,NULL,"£1 Badminton Hall",NULL,NULL,"2018-12-12 08:26:19","2018-12-12 08:26:19"
"93","5","120","Badminton Hall","Badminton Hall GBP 2","Halls4Jummah-badminton-£2","2","default.png",NULL,NULL,"£2 Badminton Hall",NULL,NULL,"2018-12-12 08:26:19","2018-12-12 08:26:19"
"94","5","120","Badminton Hall","Badminton Hall GBP 5","Halls4Jummah-badminton-£5","5","default.png",NULL,NULL,"£5 Badminton Hall",NULL,NULL,"2018-12-12 08:26:19","2018-12-12 08:26:19"
"95","5","120","Badminton Hall","Badminton Hall GBP 10","Halls4Jummah-badminton-£10","10","default.png",NULL,NULL,"£10 Badminton Hall",NULL,NULL,"2018-12-12 08:26:19","2018-12-12 08:26:19"
"96","5","120","Badminton Hall","Badminton Hall GBP 20","Halls4Jummah-badminton-£20","20","default.png",NULL,NULL,"£20 Badminton Hall",NULL,NULL,"2018-12-12 08:26:19","2018-12-12 08:26:19"
"97","5","120","Badminton Hall","Badminton Hall GBP 50","Halls4Jummah-badminton-£50","50","default.png",NULL,NULL,"£50 Badminton Hall",NULL,NULL,"2018-12-12 08:26:19","2018-12-12 08:26:19"
"98","5","121","Wax Chandlers","Wax Chandler GBP 50","Halls4Jummah-wax-£50","50","default.png",NULL,NULL,"£50 Wax Chandlers",NULL,NULL,"2018-12-12 08:26:19","2018-12-12 08:26:19"
"99","5","121","Wax Chandlers","Wax Chandler GBP 20","Halls4Jummah-wax-£20","20","default.png",NULL,NULL,"£20 Wax Chandlers",NULL,NULL,"2018-12-12 08:26:19","2018-12-12 08:26:19"
"100","5","121","Wax Chandlers","Wax Chandler GBP 10","Halls4Jummah-wax-£10","10","default.png",NULL,NULL,"£10 Wax Chandlers",NULL,NULL,"2018-12-12 08:26:19","2018-12-12 08:26:19"
"101","5","121","Wax Chandlers","Wax Chandler GBP 5","Halls4Jummah-wax-£5","5","default.png",NULL,NULL,"£5 Wax Chandlers",NULL,NULL,"2018-12-12 08:26:19","2018-12-12 08:26:19"
"102","5","121","Wax Chandlers","Wax Chandler GBP 2","Halls4Jummah-wax-£2","2","default.png",NULL,NULL,"£2 Wax Chandlers",NULL,NULL,"2018-12-12 08:26:19","2018-12-12 08:26:19"
"103","5","121","Wax Chandlers","Wax Chandler GBP  1","Halls4Jummah-wax-£1","1","default.png",NULL,NULL,"£1 Wax Chandlers",NULL,NULL,"2018-12-12 08:26:19","2018-12-12 08:26:19"
"104","5","122","The Dutch Centre","The Dutch Centre GBP 1","Halls4Jummah-dutch-£1","1","default.png",NULL,NULL,"£1 The Dutch Centre",NULL,NULL,"2018-12-12 08:26:19","2018-12-12 08:26:19"
"105","5","122","The Dutch Centre","The Dutch Centre GBP 2","Halls4Jummah-dutch-£2","2","default.png",NULL,NULL,"£2 The Dutch Centre",NULL,NULL,"2018-12-12 08:26:19","2018-12-12 08:26:19"
"106","5","122","The Dutch Centre","The Dutch Centre GBP 5","Halls4Jummah-dutch-£5","5","default.png",NULL,NULL,"£5 The Dutch Centre",NULL,NULL,"2018-12-12 08:26:19","2018-12-12 08:26:19"
"107","5","122","The Dutch Centre","The Dutch Centre GBP 10","Halls4Jummah-dutch-£10","10","default.png",NULL,NULL,"£10 The Dutch Centre",NULL,NULL,"2018-12-12 08:26:19","2018-12-12 08:26:19"
"108","5","122","The Dutch Centre","The Dutch Centre GBP 20","Halls4Jummah-dutch-£20","20","default.png",NULL,NULL,"£20 The Dutch Centre",NULL,NULL,"2018-12-12 08:26:19","2018-12-12 08:26:19"
"109","5","122","The Dutch Centre","The Dutch Centre GBP 50","Halls4Jummah-dutch-£50","50","default.png",NULL,NULL,"£50 The Dutch Centre",NULL,NULL,"2018-12-12 08:26:19","2018-12-12 08:26:19"
"110","5","123","The City Centre","The City Centre GBP 50","Halls4Jummah-city-£50","50","default.png",NULL,NULL,"£50 The City Centre",NULL,NULL,"2018-12-12 08:26:19","2018-12-12 08:26:19"
"111","5","123","The City Centre","The City Centre GBP 20","Halls4Jummah-city-£20","20","default.png",NULL,NULL,"£20 The City Centre",NULL,NULL,"2018-12-12 08:26:19","2018-12-12 08:26:19"
"112","5","123","The City Centre","The City Centre GBP 10","Halls4Jummah-city-£10","10","default.png",NULL,NULL,"£10 The City Centre",NULL,NULL,"2018-12-12 08:26:19","2018-12-12 08:26:19"
"113","5","123","The City Centre","The City Centre GBP 5","Halls4Jummah-city-£5","5","default.png",NULL,NULL,"£5 The City Centre",NULL,NULL,"2018-12-12 08:26:19","2018-12-12 08:26:19"
"114","5","123","The City Centre","The City Centre GBP 2","Halls4Jummah-city-£2","2","default.png",NULL,NULL,"£2 The City Centre",NULL,NULL,"2018-12-12 08:26:19","2018-12-12 08:26:19"
"115","5","123","The City Centre","The City Centre GBP 1","Halls4Jummah-city-£1","1","default.png",NULL,NULL,"£1 The City Centre",NULL,NULL,"2018-12-12 08:26:19","2018-12-12 08:26:19"
"116","5","124","Apothecaries' Hall","Apothecaries' Hall GBP 1","Halls4Jummah-hall-£1","1","default.png",NULL,NULL,"£1 Apothecaries' Hall",NULL,NULL,"2018-12-12 08:26:19","2018-12-12 08:26:19"
"117","5","124","Apothecaries' Hall","Apothecaries' Hall GBP 2","Halls4Jummah-hall-£2","2","default.png",NULL,NULL,"£2 Apothecaries' Hall",NULL,NULL,"2018-12-12 08:26:19","2018-12-12 08:26:19"
"118","5","124","Apothecaries' Hall","Apothecaries' Hall GBP 5","Halls4Jummah-hall-£5","5","default.png",NULL,NULL,"£5 Apothecaries' Hall",NULL,NULL,"2018-12-12 08:26:19","2018-12-12 08:26:19"
"119","5","124","Apothecaries' Hall","Apothecaries' Hall GBP 10","Halls4Jummah-hall-£10","10","default.png",NULL,NULL,"£10 Apothecaries' Hall",NULL,NULL,"2018-12-12 08:26:19","2018-12-12 08:26:19"
"120","5","124","Apothecaries' Hall","Apothecaries' Hall GBP 20","Halls4Jummah-hall-£20","20","default.png",NULL,NULL,"£20 Apothecaries' Hall",NULL,NULL,"2018-12-12 08:26:19","2018-12-12 08:26:19"
"121","5","124","Apothecaries' Hall","Apothecaries' Hall GBP 50","Halls4Jummah-hall-£50","50","default.png",NULL,NULL,"£50 Apothecaries' Hall",NULL,NULL,"2018-12-12 08:26:19","2018-12-12 08:26:19"
"122","5","125","The Terrace Gallery","The Terrace Gallery GBP 50","Halls4Jummah-tarrace-£50","50","default.png",NULL,NULL,"£50 The Terrace Gallery",NULL,NULL,"2018-12-12 08:26:19","2018-12-12 08:26:19"
"123","5","125","The Terrace Gallery","The Terrace Gallery GBP 20","Halls4Jummah-terrace-£20","20","default.png",NULL,NULL,"£20 The Terrace Gallery",NULL,NULL,"2018-12-12 08:26:19","2018-12-12 08:26:19"
"124","5","125","The Terrace Gallery","The Terrace Gallery GBP 10","Halls4Jummah-terrace-£10","10","default.png",NULL,NULL,"£10 The Terrace Gallery",NULL,NULL,"2018-12-12 08:26:19","2018-12-12 08:26:19"
"125","5","125","The Terrace Gallery","The Terrace Gallery GBP 5","Halls4Jummah-terrace-£5","5","default.png",NULL,NULL,"£5 The Terrace Gallery",NULL,NULL,"2018-12-12 08:26:19","2018-12-12 08:26:19"
"126","5","125","The Terrace Gallery","The Terrace Gallery GBP 2","Halls4Jummah-terrace-£2","2","default.png",NULL,NULL,"£2 The Terrace Gallery",NULL,NULL,"2018-12-12 08:26:19","2018-12-12 08:26:19"
"127","5","125","The Terrace Gallery","The Terrace Gallery GBP 1","Halls4Jummah-terrace-£1","1","default.png",NULL,NULL,"£1 The Terrace Gallery",NULL,NULL,"2018-12-12 08:26:19","2018-12-12 08:26:19"
"128","6","127","RAHEEF","RAHEEF SPRAY","1AA2269","20.3","Raheef-Spray.png",NULL,NULL,NULL,NULL,NULL,"2018-12-12 08:26:19","2018-12-12 08:26:19"
"129","6","127","Jasir","JASIR EDP SPRAY","1AA2269","32.47","Jasir-Spray.png",NULL,NULL,NULL,NULL,NULL,"2018-12-12 08:26:19","2018-12-12 08:26:19"
"130","6","127","PULSE","PULSE 100 PETAL SPRAY ","1AA2287","1","Pulse-Rose-Spray.png",NULL,NULL,NULL,NULL,NULL,"2018-12-12 08:26:19","2018-12-12 08:26:19"
"131","6","128","ACTIVUS ","ACTIVUS 100 ML","1AA2232","16.32","Activus-Spray.png",NULL,NULL,NULL,NULL,NULL,"2018-12-12 08:26:19","2018-12-12 08:26:19"
"132","6","128","PINK","PINK SAPPHIRE P.FEMME EDP SPRAY 90ML","1AA2221","21.29","Pink-Sapphire-Spray-90.png",NULL,NULL,NULL,NULL,NULL,"2018-12-12 08:26:19","2018-12-12 08:26:19"
"133","6","128","SAVING GRACE","SAVING GRACE SPRAY 60ML","1AA2068","1","Saving-Grace-Spray.png",NULL,NULL,NULL,NULL,NULL,"2018-12-12 08:26:19","2018-12-12 08:26:19"
"134","5","129","General Donation","General Donation GBP 1","kingstonmosque-generaldonation-£1","1","default.png",NULL,NULL,"£1 General Donation",NULL,NULL,"2018-12-12 08:26:19","2018-12-12 08:26:19"
"135","5","129","General Donation","General Donation GBP 2","kingstonmosque-generaldonation-£2","2","default.png",NULL,NULL,"£2 General Donation",NULL,NULL,"2018-12-12 08:26:19","2018-12-12 08:26:19"
"136","5","129","General Donation","General Donation GBP 5","kingstonmosque-generaldonation-£5","5","default.png",NULL,NULL,"£5 General Donation",NULL,NULL,"2018-12-12 08:26:19","2018-12-12 08:26:19"
"137","5","129","General Donation","General Donation GBP 10","kingstonmosque-generaldonation-£10","10","default.png",NULL,NULL,"£10 General Donation",NULL,NULL,"2018-12-12 08:26:19","2018-12-12 08:26:19"
"138","5","129","General Donation","General Donation GBP 20","kingstonmosque-generaldonation-£20","20","default.png",NULL,NULL,"£20 General Donation",NULL,NULL,"2018-12-12 08:26:19","2018-12-12 08:26:19"
"139","5","129","General Donation","General Donation GBP 50","kingstonmosque-generaldonation-£50","50","default.png",NULL,NULL,"£50 General Donation",NULL,NULL,"2018-12-12 08:26:19","2018-12-12 08:26:19"
"140","5","130","Zakat","Zakat GBP 50","kingstonmosque-zakat-£50","50","default.png",NULL,NULL,"£50 Zakat",NULL,NULL,"2018-12-12 08:26:19","2018-12-12 08:26:19"
"141","5","130","Zakat","Zakat GBP 20","kingstonmosque-zakat-£20","20","default.png",NULL,NULL,"£20 Zakat",NULL,NULL,"2018-12-12 08:26:19","2018-12-12 08:26:19"
"142","5","130","Zakat","Zakat GBP 10","kingstonmosque-zakat-£10","10","default.png",NULL,NULL,"£10 Zakat",NULL,NULL,"2018-12-12 08:26:19","2018-12-12 08:26:19"
"143","5","130","Zakat","Zakat GBP 5","kingstonmosque-zakat-£5","5","default.png",NULL,NULL,"£5 Zakat",NULL,NULL,"2018-12-12 08:26:19","2018-12-12 08:26:19"
"144","5","130","Zakat","Zakat GBP 2","kingstonmosque-zakat-£2","2","default.png",NULL,NULL,"£2 Zakat",NULL,NULL,"2018-12-12 08:26:19","2018-12-12 08:26:19"
"145","5","130","Zakat","Zakat GBP 1","kingstonmosque-zakat-£1","1","default.png",NULL,NULL,"£1 Zakat",NULL,NULL,"2018-12-12 08:26:19","2018-12-12 08:26:19"
"146","5","131","Building Extension","Building Extension GBP 1","kingstonmosque-buildingextension-£1","1","default.png",NULL,NULL,"£1 Building Extension",NULL,NULL,"2018-12-12 08:26:19","2018-12-12 08:26:19"
"147","5","131","Building Extension","Building Extension GBP 2","kingstonmosque-buildingextension-£2","2","default.png",NULL,NULL,"£2 Building Extension",NULL,NULL,"2018-12-12 08:26:19","2018-12-12 08:26:19"
"148","5","131","Building Extension","Building Extension GBP 5","kingstonmosque-buildingextension-£5","5","default.png",NULL,NULL,"£5 Building Extension",NULL,NULL,"2018-12-12 08:26:19","2018-12-12 08:26:19"
"149","5","131","Building Extension","Building Extension GBP 10","kingstonmosque-buildingextension-£10","10","default.png",NULL,NULL,"£10 Building Extension",NULL,NULL,"2018-12-12 08:26:19","2018-12-12 08:26:19"
"150","5","131","Building Extension","Building Extension GBP 20","kingstonmosque-buildingextension-£20","20","default.png",NULL,NULL,"£20 Building Extension",NULL,NULL,"2018-12-12 08:26:19","2018-12-12 08:26:19"
"151","5","131","Building Extension","Building Extension GBP 50","kingstonmosque-buildingextension-£50","50","default.png",NULL,NULL,"£50 Building Extension",NULL,NULL,"2018-12-12 08:26:19","2018-12-12 08:26:19"
"152","5","132","Madarsa","Madarsa GBP 10","kingstonmosque-madarsa-£10","10","default.png",NULL,NULL,"£10 Madarsa",NULL,NULL,"2018-12-12 08:26:19","2018-12-12 08:26:19"
"153","5","132","Madarsa","Madarsa GBP 50","kingstonmosque-madarsa-£50","50","default.png",NULL,NULL,"£50 Madarsa",NULL,NULL,"2018-12-12 08:26:19","2018-12-12 08:26:19"
"154","5","132","Madarsa","Madarsa GBP 20","kingstonmosque-madarsa-£20","20","default.png",NULL,NULL,"£20 Madarsa",NULL,NULL,"2018-12-12 08:26:19","2018-12-12 08:26:19"
"155","5","132","Madarsa","Madarsa GBP 5","kingstonmosque-madarsa-£5","5","default.png",NULL,NULL,"£5 Madarsa",NULL,NULL,"2018-12-12 08:26:19","2018-12-12 08:26:19"
"156","5","132","Madarsa","Madarsa GBP 2","kingstonmosque-madarsa-£2","2","default.png",NULL,NULL,"£2 Madarsa",NULL,NULL,"2018-12-12 08:26:19","2018-12-12 08:26:19"
"157","5","132","Madarsa","Madarsa GBP 1","kingstonmosque-madarsa-£1","1","default.png",NULL,NULL,"£1 Madarsa",NULL,NULL,"2018-12-12 08:26:19","2018-12-12 08:26:19"
"158","5","133","Iftar Fund","Iftar Fund GBP 1","kingstonmosque-iftarfund-£1","1","default.png",NULL,NULL,"£1 Iftar Fund",NULL,NULL,"2018-12-12 08:26:19","2018-12-12 08:26:19"
"159","5","133","Iftar Fund","Iftar Fund GBP 2","kingstonmosque-iftarfund-£2","2","default.png",NULL,NULL,"£2 Iftar Fund",NULL,NULL,"2018-12-12 08:26:19","2018-12-12 08:26:19"
"160","5","133","Iftar Fund","Iftar Fund GBP 5","kingstonmosque-iftarfund-£5","5","default.png",NULL,NULL,"£5 Iftar Fund",NULL,NULL,"2018-12-12 08:26:19","2018-12-12 08:26:19"
"161","5","133","Iftar Fund","Iftar Fund GBP 10","kingstonmosque-iftarfund-£10","10","default.png",NULL,NULL,"£10 Iftar Fund",NULL,NULL,"2018-12-12 08:26:19","2018-12-12 08:26:19"
"162","5","133","Iftar Fund","Iftar Fund GBP 20","kingstonmosque-iftarfund-£20","20","default.png",NULL,NULL,"£20 Iftar Fund",NULL,NULL,"2018-12-12 08:26:19","2018-12-12 08:26:19"
"163","5","133","Iftar Fund","Iftar Fund GBP 50","kingstonmosque-iftarfund-£50","50","default.png",NULL,NULL,"£50 Iftar Fund",NULL,NULL,"2018-12-12 08:26:19","2018-12-12 08:26:19"
